{"IcoMoonType":"selection","icons":[{"icon":{"paths":["M64 192h896v192h-896zM64 448h896v192h-896zM64 704h896v192h-896z"],"attrs":[],"isMulticolor":false,"isMulticolor2":false,"tags":["menu","list","options","lines","hamburger"],"defaultCode":59837,"grid":16},"attrs":[],"properties":{"ligatures":"menu, list3","name":"menu","order":2,"id":0,"prevSize":32,"code":59837},"setIdx":0,"setId":2,"iconIdx":0},{"icon":{"paths":["M0 64h1024v128h-1024zM384 256h640v128h-640zM384 640h640v128h-640zM0 448h1024v128h-1024zM0 832h1024v128h-1024z"],"tags":["paragraph-right","wysiwyg","align-right","right"],"defaultCode":60025,"grid":16,"attrs":[]},"attrs":[],"properties":{"ligatures":"paragraph-right, wysiwyg27","name":"paragraph-right","order":2,"id":378,"prevSize":32,"code":60025},"setIdx":1,"setId":1,"iconIdx":377}],"height":1024,"metadata":{"name":"icomoon"},"preferences":{"showGlyphs":true,"showQuickUse":true,"showQuickUse2":true,"showSVGs":true,"fontPref":{"prefix":"icon-","metadata":{"fontFamily":"icomoon"},"metrics":{"emSize":1024,"baseline":6.25,"whitespace":50},"embed":false},"imagePref":{"prefix":"icon-","png":true,"useClassSelector":true,"color":0,"bgColor":16777215,"classSelector":".icon"},"historySize":50,"showCodes":true,"gridSize":16}}